
INSERT INTO MsEmployee(employee_ID, employee_Name, employee_Gender, employee_PhoneNo, employee_Address, employee_Salary) 
VALUES  ('EMP001' , 'Andre Basra'     , 'Male'   ,'081234568911' , 'Jl. Daan Mogot No.21'    , 15000000),--1
		('EMP002' , 'Harun Fernando'  , 'Male'   ,'081234568912' , 'Jl. Tukad Barito No.52'  ,1000000 ),--2
		('EMP003' , 'Dhika Gaharu'    , 'Male'   ,'081234568913' , 'Jl. Raya Kuta No.8'      , 1000000 ),--3
		('EMP004' , 'Rifqi Gaharu'    , 'Male'   ,'081234568914' , 'Jl. Kebun Jeruk No.21'   , 12000000),--4
		('EMP005' , 'Dino Soros'      , 'Male'   ,'081277771235' , 'Jl. Kebun Jeruk No.22'   , 1000000 ),--5
		('EMP006' , 'Liem Nando David', 'Male'   ,'085847733468' , 'Jl. Patimura No.25'      , 2000000 ),--6
		('EMP007' , 'Fransisca'       , 'Female' ,'086612445156' , 'Jl. Tukad Barito No 44.' , 3000000 ),--7
		('EMP008' , 'Joana Lie'       , 'Female' ,'081711112222' , 'Jl. Kebun Jeruk No.24'   , 4000000 ),--8
		('EMP009' , 'Ivana Wijaya'    , 'Female' ,'012481242141' , 'Jl. Iman Bonjol No.8'    , 5000000 ),--9
		('EMP010' , 'Ricky'           , 'Male'   ,'036111112245' , 'Jl. Tukad Barito No.55'  , 6000000),--10
		('EMP011' , 'Lie Lie'         , 'Female' ,'036122288888' , 'Jl. Sunset Road No.22'   , 7000000 ),--11
		('EMP012' , 'Lolo'            , 'Male'   ,'082200155221' , 'Jl. Kebun Anggur No.33'  , 8000000 ),--12
		('EMP013' , 'Putu Made'       , 'Male'   ,'088114455662' , 'Jl. Daan Mogot No.22'    , 9000000 ),--13
		('EMP014' , 'Felix Jingga'    , 'Male'   ,'092141414122' , 'Jl. Daan Mogot No.23'    ,10000000),--14
		('EMP015' , 'Gede Bagus'      , 'Male'   ,'085532414252' , 'Jl. Kebun Bunga No.11'   , 11000000),--15
		('EMP016' , 'Liem Nando David2', 'Male'   ,'085847733484' , 'Jl. Patimura No.255'      , 2000000 ),--16
		('EMP017' , 'Fransisca2'       , 'Female' ,'086612445564' , 'Jl. Tukad Barito No 445.' , 3000000 ),--17
		('EMP018' , 'Joana Lie2'       , 'Female' ,'081711112224' , 'Jl. Kebun Jeruk No.245'   , 4000000 ),--18
		('EMP019' , 'Ivana Wijaya2'    , 'Female' ,'012481221414' , 'Jl. Iman Bonjol No.85'    , 5000000 ),--19
		('EMP020' , 'Ricky2'           , 'Male'   ,'036111122454' , 'Jl. Tukad Barito No.555'  , 6000000),--20
		('EMP021' , 'Lie Lie2'         , 'Female' ,'036122888884' , 'Jl. Sunset Road No.225'   , 7000000 ),--21
		('EMP022' , 'Lolo2'            , 'Male'   ,'082201552214' , 'Jl. Kebun Anggur No.335'  , 8000000 ),--22
		('EMP023' , 'Putu Made2'       , 'Male'   ,'088144556624' , 'Jl. Daan Mogot No.225'    , 9000000 ),--23
		('EMP024' , 'Felix Jingga2'    , 'Male'   ,'091414141224' , 'Jl. Daan Mogot No.235'    ,10000000),--24
		('EMP025' , 'Felix Jingga3'    , 'Male'   ,'021414141324' , 'Jl. Daan Mogot No.245'    ,10000000);--25



INSERT INTO MsVendor(vendor_ID, vendor_Name, vendor_Gender, vendor_Adrress, vendor_PhoneNo) 
VALUES  ('VEN001' , 'Lisa'             , 'Female' , 'Jl. Kebun Raya No.21'      , '081255555555'),--1
		('VEN002' , 'Amelia'           , 'Female' , 'Jl. Druid RayaNo.24'       , '089222111444'),--2
		('VEN003' , 'Nadia'            , 'Female' , 'Jl. Selka Bunga No.25'     , '082221155614'),--3
		('VEN004' , 'Utama Basra'      , 'Male'   , 'Jl. Kebun Jeruk No.33'     , '081655221133'),--4
		('VEN005' , 'Harun Nando'      , 'Male'   , 'Jl. Tanjung Duren No.45'   , '082141241255'),--5
		('VEN006' , 'David Snorlax'    , 'Male'   , 'Jl. Tanjung Lemon No.12'   , '085555888888'),--6
		('VEN007' , 'Jayaputra'        , 'Male'   , 'Jl. Kebun Bogor  No.22'    , '012888888888'),--7
		('VEN008' , 'Soros Lie'        , 'Male'   , 'Jl. Tanjung Benoa No.16'   , '036111111122'),--8
		('VEN009' , 'Kevin Chandra'    , 'Male'   , 'Jl. Tanjung Naga No.12'    , '021312412415'),--9
		('VEN010' , 'Vincentius Kevin' , 'Male'   , 'Jl. Tanjung Apel No.9'     , '036444444555'),--10
		('VEN011' , 'Naruto Wijaya'    , 'Female' , 'Jl. Serpong Barat No.7'    , '082177778888'),--11
		('VEN012' , 'Albert Wijaya'    , 'Male'   , 'Jl. Tanjung Lemon No.8'    , '087821212444'),--12
		('VEN013' , 'Wira Kusuma Bagus', 'Male'   , 'Jl. Tanjung Pir No.11'     , '081234535311'),--13
		('VEN014' , 'Rose Lie'         , 'Female' , 'Jl. Tanjung Utara No.21'   , '085566666662'),--14
		('VEN015' , 'Rifqi Andre'      , 'Male'   , 'Jl. Tanjung Selatan No.55' , '081245552214'),--15
		('VEN016' , 'David Snorlax2'    , 'Male'   , 'Jl. Tanjung Lemon No.127'   , '085555888889'),--16
		('VEN017' , 'Jayaputra2'        , 'Male'   , 'Jl. Kebun Bogor  No.227'    , '012888888889'),--17
		('VEN018' , 'Soros Lie2'        , 'Male'   , 'Jl. Tanjung Benoa No.167'   , '036111111129'),--18
		('VEN019' , 'Kevin Chandra2'    , 'Male'   , 'Jl. Tanjung Naga No.127'    , '021312412419'),--19
		('VEN020' , 'Vincentius Kevin2' , 'Male'   , 'Jl. Tanjung Apel No.97'     , '036444444559'),--20
		('VEN021' , 'Naruto Wijaya2'    , 'Female' , 'Jl. Serpong Barat No.77'    , '082177778889'),--21
		('VEN022' , 'Albert Wijaya2'    , 'Male'   , 'Jl. Tanjung Lemon No.87'    , '087821212449'),--22
		('VEN023' , 'Wira Kusuma Bagus2', 'Male'   , 'Jl. Tanjung Pir No.117'     , '081234535319'),--23
		('VEN024' , 'Rose Lie2'         , 'Female' , 'Jl. Tanjung Utara No.217'   , '085566666669'),--24
		('VEN025' , 'Rifqi Andre2'      , 'Male'   , 'Jl. Tanjung Selatan No.557' , '081245552219');--25


INSERT INTO MsItem (item_ID, item_Name, item_Stock, item_Price) 
VALUES  ('ITE001' , 'Chicken Egg' , 24 , 33000),--1
		('ITE002' , 'Goat Milk'   , 100, 1000),--2
		('ITE003' , 'Cow Milk'    , 100, 1000 ),--3
		('ITE004' , 'Duck Egg'    , 12 , 13000),--4
		('ITE005' , 'Wool'        , 22 , 15000),--5
		('ITE016' , 'Turnip'      , 45 , 22000),--6
		('ITE007' , 'Potato'      , 22 , 7000),--7
		('ITE008' , 'Watermelon'  , 155, 1000 ),--8
		('ITE009' , 'Apple'       , 15 , 10000),--9
		('ITE010' , 'Grape'       , 15 , 11000),--10
		('ITE222' , 'Chicken Meat', 12 , 12000),--11
		('ITE333' , 'Pig Meat'    , 5  , 55000),--12
		('ITE123' , 'Cow Meat'    , 6  , 56000),--13
		('ITE456' , 'Carrot'      , 5 , 57000),--14
		('ITE124' , 'Orange'      , 1 , 58000);--15




INSERT INTO Product (product_ID, product_Name, product_Stock, product_Price)
VALUES  ('PRO001', 'Milk' , 10 , 10000 ),--1
		('PRO002' , 'Cow Milk' , 12 ,  15000 ),--2
		('PRO003' , 'Low Fat Milk' , 16 ,  17000 ),--3
		('PRO004' , 'Chocolate Milk' , 50 ,  100000 ),--4
		('PRO005' , 'Cow Milk' , 61 ,  90000 ),--5
		('PRO006' , 'Milk' , 70 ,  50000 ),--6
		('PRO007' , 'Milk' , 100 ,  50000 ),--7
		('PRO008' , 'Milk' , 120 ,  33000 ),--8
		('PRO009' , 'Grape' , 30 ,    95000 ),--9
		('PRO010' , 'Grape' , 40 ,    26000 ),--10
		('PRO011' , 'Grape' , 50 ,    46000 ),--11
		('PRO012' , 'Pinaple' , 70 ,  66000 ),--12
		('PRO013' , 'Goat Milk' , 42 ,   54000 ),--13
		('PRO014' , 'Milk Goat' , 47 ,   6000 ),--14
		('PRO015' , 'Banana' , 67 ,   120000 ),--15
		('PRO016' , 'Goat Milk' , 42 ,   54000 ),--16
		('PRO017' , 'Goat Milk' , 42 ,   54000 ),--17
		('PRO018' , 'Goat Milk' , 42 ,   54000 ),--18
		('PRO019' , 'Goat Milk' , 42 ,   54000 ),--19
		('PRO020' , 'Goat Milk' , 42 ,   54000 ),--20
		('PRO021' , 'Goat Milk' , 42 ,   54000 ),--21
		('PRO022' , 'Goat Milk' , 42 ,   54000 ),--22
		('PRO023' , 'Goat Milk' , 42 ,   54000 ),--23
		('PRO024' , 'Goat Milk' , 42 ,   54000 ),--24
		('PRO025' , 'Goat Milk' , 42 ,   54000 );--25


INSERT INTO Recipe 
VALUES  ( 'PRO001' , 'ITE002' , 2),--1
		( 'PRO001' , 'ITE003' , 3 ),--2
		( 'PRO001' , 'ITE004' , 1 ),--3
		( 'PRO002' , 'ITE005' , 4 ),--4
		( 'PRO002' , 'ITE016' , 5 ),--5
		( 'PRO002' , 'ITE007' , 55),--6
		( 'PRO003' , 'ITE008' , 1),--7
		( 'PRO003' , 'ITE009' , 2 ),--8
		( 'PRO003' , 'ITE010' , 12),--9
		( 'PRO003' , 'ITE222' , 11),--10 
		( 'PRO003' , 'ITE333' , 24),--11
		( 'PRO003' , 'ITE123' , 33),--12
		( 'PRO010' , 'ITE456' , 3),--13
		( 'PRO007' , 'ITE124' , 6 ),--14
		( 'PRO013' , 'ITE005' , 12),--15
		( 'PRO014' , 'ITE005' , 3),--16
		( 'PRO010' , 'ITE124' , 4 ),--17
		( 'PRO012' , 'ITE002' ,5 ),--18
		( 'PRO011' , 'ITE003' , 6 ),--19
		( 'PRO004' , 'ITE004' , 1 ),--20
		( 'PRO006' , 'ITE005' , 2 ),--21
		( 'PRO005' , 'ITE016' , 4 ),--22
		( 'PRO008' , 'ITE007' , 5 ),--23
		( 'PRO015' , 'ITE008' , 1 ),--24
		( 'PRO015' , 'ITE009' , 5 )--25